seed,n_sources,n_cleared,clear_ratio,virtual_time_s,avg_locate_clear_time_s,real_elapsed_s,program_run_time_s,n_measure,n_clear_ok,n_clear_fail,n_switch,n_actions,n_requests,census_points_visited,ended_reason,unresolved,proven_empty,action_log_size,wall_s
1,13,13,1.0,4629.329072822668,356.1022363709745,0.2179999999998472,0.2179999999998472,148,13,0,146,161,163,7,user_exit,,3 9 12 13 18 19 20,163,0.2179999999998472
2,15,15,1.0,4688.13569404791,312.542379603194,0.2660000000000764,0.2660000000000764,157,15,0,147,172,174,7,user_exit,,6 7 8 10 11,174,0.2660000000000764
3,15,15,1.0,4599.749210521636,306.64994736810905,0.21900000000005093,0.21900000000005093,156,15,0,150,171,173,7,user_exit,,3 12 15 19 20,173,0.21900000000005093
4,15,15,1.0,4562.770483540379,304.18469890269193,0.18699999999989814,0.18699999999989814,155,15,0,145,170,172,7,user_exit,,2 3 8 19 20,172,0.18699999999989814
5,14,14,1.0,4804.488597669417,343.1777569763869,0.1410000000000764,0.1410000000000764,154,14,0,147,168,170,7,user_exit,,2 9 10 13 17 20,170,0.1410000000000764
6,13,13,1.0,4263.5740318169455,327.9672332166881,0.125,0.125,155,13,0,144,168,170,7,user_exit,,1 2 3 8 10 15 20,170,0.125
7,16,16,1.0,5259.001204386574,328.68757527416085,0.09400000000005093,0.09400000000005093,158,16,0,150,174,176,7,user_exit,,2 6 11 12,176,0.09400000000005093
8,15,15,1.0,4291.843278128061,286.1228852085374,0.07799999999997453,0.07799999999997453,150,15,0,145,165,167,7,user_exit,,3 5 6 12 15,167,0.07799999999997453
9,12,12,1.0,4299.0046836629435,358.2503903052453,0.09400000000005093,0.09400000000005093,152,12,0,147,164,166,7,user_exit,,1 3 5 6 7 9 15 16,166,0.09400000000005093
10,15,15,1.0,4677.089512085619,311.8059674723746,0.1089999999999236,0.1089999999999236,158,15,0,149,173,175,7,user_exit,,1 4 5 15 20,175,0.1089999999999236
11,10,10,1.0,3788.0442872347703,378.80442872347703,0.09400000000005093,0.09400000000005093,146,10,0,143,156,158,7,user_exit,,4 5 6 8 11 13 14 16 17 19,158,0.09400000000005093
12,14,14,1.0,4733.03452393669,338.0738945669064,0.09400000000005093,0.09400000000005093,155,14,0,148,169,171,7,user_exit,,5 7 10 11 15 17,171,0.09400000000005093
13,16,16,1.0,5333.511308145403,333.3444567590877,0.125,0.125,167,16,0,150,183,185,7,user_exit,,4 9 13 20,185,0.125
14,11,11,1.0,4253.726075115136,386.7023704650124,0.06199999999989814,0.06199999999989814,145,11,0,143,156,158,7,user_exit,,1 3 7 13 15 16 18 19 20,158,0.06199999999989814
15,16,16,1.0,5142.825806869734,321.4266129293584,0.1089999999999236,0.1089999999999236,160,16,0,149,176,178,7,user_exit,,10 11 17 19,178,0.1089999999999236
16,13,13,1.0,4569.534426789866,351.5026482146051,0.11000000000012733,0.11000000000012733,162,13,0,149,175,177,7,user_exit,,3 4 11 12 13 15 19,177,0.11000000000012733
17,15,15,1.0,4489.659562840224,299.3106375226816,0.125,0.125,161,15,0,145,176,178,7,user_exit,,3 11 14 15 18,178,0.125
18,16,16,1.0,4788.0099577871515,299.25062236169697,0.09400000000005093,0.09400000000005093,151,16,0,146,167,169,7,user_exit,,5 15 17 18,169,0.09400000000005093
19,14,14,1.0,4197.174549628325,299.7981821163089,0.0929999999998472,0.0929999999998472,155,14,0,147,169,171,7,user_exit,,2 6 10 14 17 19,171,0.0929999999998472
20,16,16,1.0,4354.0273169894135,272.12670731183835,0.09400000000005093,0.09400000000005093,147,16,0,144,163,165,7,user_exit,,7 10 14 16,165,0.09400000000005093
21,12,12,1.0,4479.538465910341,373.2948721591951,0.09400000000005093,0.09400000000005093,158,12,0,147,170,172,7,user_exit,,1 3 9 13 14 15 17 18,172,0.09400000000005093
22,15,15,1.0,4819.466070109498,321.29773800729987,0.09400000000005093,0.09400000000005093,154,15,0,149,169,171,7,user_exit,,4 10 12 14 20,171,0.09400000000005093
23,10,10,1.0,3982.7763208000815,398.2776320800082,0.11000000000012733,0.11000000000012733,147,10,0,146,157,159,7,user_exit,,1 5 7 11 12 15 16 18 19 20,159,0.11000000000012733
24,12,12,1.0,4660.397715960592,388.36647633004935,0.125,0.125,150,12,0,145,162,164,7,user_exit,,1 4 6 9 14 16 18 20,164,0.125
25,13,13,1.0,4338.63237627681,333.7409520212931,0.0929999999998472,0.0929999999998472,147,13,0,144,160,162,7,user_exit,,7 9 10 14 17 18 19,162,0.0929999999998472
26,16,16,1.0,4989.766508943423,311.86040680896394,0.1410000000000764,0.1410000000000764,160,16,0,148,176,178,7,user_exit,,5 6 14 15,178,0.1410000000000764
27,10,10,1.0,4315.049904632249,431.50499046322494,0.125,0.125,158,10,0,144,168,170,7,user_exit,,1 7 9 11 12 13 15 16 17 20,170,0.125
28,14,14,1.0,5066.193836892194,361.8709883494424,0.18699999999989814,0.18699999999989814,165,14,0,149,179,181,7,user_exit,,4 5 12 13 16 18,181,0.18699999999989814
29,16,16,1.0,4924.739899248876,307.79624370305476,0.09400000000005093,0.09400000000005093,155,16,0,148,171,173,7,user_exit,,6 9 11 19,173,0.09400000000005093
30,10,10,1.0,3803.8749978155242,380.38749978155244,0.09400000000005093,0.09400000000005093,145,10,0,143,155,157,7,user_exit,,1 7 8 9 12 13 16 18 19 20,157,0.09400000000005093
31,13,13,1.0,4421.940643755647,340.14928028889597,0.1089999999999236,0.1089999999999236,152,13,0,146,165,167,7,user_exit,,3 10 13 15 16 17 19,167,0.1089999999999236
32,16,16,1.0,5101.554116885048,318.8471323053155,0.17200000000002547,0.17200000000002547,166,16,0,149,182,184,7,user_exit,,2 7 10 20,184,0.17200000000002547
33,16,16,1.0,4662.145931235767,291.38412070223546,0.13999999999987267,0.13999999999987267,156,16,0,149,172,174,7,user_exit,,1 2 5 17,174,0.13999999999987267
34,10,10,1.0,3979.044889008268,397.9044889008268,0.07799999999997453,0.07799999999997453,149,10,0,145,159,161,7,user_exit,,3 5 7 8 9 11 13 15 19 20,161,0.07799999999997453
35,10,10,1.0,3793.5256632627115,379.35256632627113,0.09400000000005093,0.09400000000005093,144,10,0,143,154,156,7,user_exit,,3 5 7 8 9 12 13 18 19 20,156,0.09400000000005093
36,12,12,1.0,4111.774370131872,342.647864177656,0.0929999999998472,0.0929999999998472,151,12,0,148,163,165,7,user_exit,,1 3 4 8 13 16 19 20,165,0.0929999999998472
37,11,11,1.0,4149.531904592611,377.2301731447828,0.125,0.125,153,11,0,146,164,166,7,user_exit,,2 3 9 11 13 15 17 18 20,166,0.125
38,11,11,1.0,3777.577996845099,343.4161815313726,0.07799999999997453,0.07799999999997453,143,11,0,142,154,156,7,user_exit,,7 9 10 12 13 14 15 18 20,156,0.07799999999997453
39,16,16,1.0,5347.954207151615,334.24713794697595,0.1089999999999236,0.1089999999999236,154,16,0,146,170,172,7,user_exit,,1 14 19 20,172,0.1089999999999236
40,13,13,1.0,3800.5683059279713,292.3514081483055,0.1089999999999236,0.1089999999999236,149,13,0,146,162,164,7,user_exit,,3 4 9 11 15 18 20,164,0.1089999999999236
41,14,14,1.0,4623.580833854696,330.255773846764,0.1089999999999236,0.1089999999999236,149,14,0,143,163,165,7,user_exit,,1 12 14 15 16 20,165,0.1089999999999236
42,10,10,1.0,4242.231356004338,424.22313560043375,0.07799999999997453,0.07799999999997453,148,10,0,145,158,160,7,user_exit,,1 3 5 10 14 15 16 17 18 20,160,0.07799999999997453
43,13,13,1.0,4092.407874376936,314.80060572130276,0.09400000000005093,0.09400000000005093,147,13,0,143,160,162,7,user_exit,,2 3 8 9 11 18 20,162,0.09400000000005093
44,14,14,1.0,4426.600337808285,316.1857384148775,0.13999999999987267,0.13999999999987267,156,14,0,148,170,172,7,user_exit,,6 9 11 12 14 19,172,0.13999999999987267
45,16,16,1.0,4682.732258614107,292.6707661633817,0.1410000000000764,0.1410000000000764,155,16,0,149,171,173,7,user_exit,,1 2 11 17,173,0.1410000000000764
46,13,13,1.0,3860.5646561780454,296.9665120136958,0.09400000000005093,0.09400000000005093,144,13,0,143,157,159,7,user_exit,,5 6 10 11 12 16 17,159,0.09400000000005093
47,10,10,1.0,4529.786096048219,452.97860960482194,0.11000000000012733,0.11000000000012733,150,10,0,145,160,162,7,user_exit,,1 3 4 5 6 11 12 13 16 20,162,0.11000000000012733
48,10,10,1.0,4052.1651544384313,405.21651544384315,0.0929999999998472,0.0929999999998472,146,10,0,144,156,158,7,user_exit,,2 3 4 7 9 11 14 16 19 20,158,0.0929999999998472
49,10,10,1.0,4369.918342409288,436.9918342409288,0.1089999999999236,0.1089999999999236,151,10,4,145,165,167,7,user_exit,,2 3 5 7 10 14 15 16 19 20,167,0.1089999999999236
50,15,15,1.0,4827.638161972034,321.84254413146897,0.1089999999999236,0.1089999999999236,158,15,0,147,173,175,7,user_exit,,1 9 13 14 18,175,0.1089999999999236
51,12,12,1.0,4572.038588884807,381.00321574040055,0.125,0.125,155,12,0,145,167,169,7,user_exit,,1 2 3 6 7 11 12 20,169,0.125
52,16,16,1.0,4210.121178889742,263.13257368060886,0.125,0.125,149,16,0,146,165,167,7,user_exit,,3 11 17 20,167,0.125
53,15,15,1.0,5199.038850378951,346.6025900252634,0.1410000000000764,0.1410000000000764,161,15,0,147,176,178,7,user_exit,,3 7 9 10 20,178,0.1410000000000764
54,12,12,1.0,4021.71677029047,335.1430641908725,0.125,0.125,151,12,0,143,163,165,7,user_exit,,1 5 8 10 11 14 15 16,165,0.125
55,16,16,1.0,4394.3040883071435,274.64400551919647,0.1089999999999236,0.1089999999999236,151,16,0,145,167,169,7,user_exit,,1 4 10 11,169,0.1089999999999236
56,12,12,1.0,4514.43040725835,376.2025339381958,0.125,0.125,158,12,4,147,174,176,7,user_exit,,2 3 8 14 15 17 18 19,176,0.125
57,10,10,1.0,4562.923293481967,456.29232934819674,0.06300000000010186,0.06300000000010186,145,10,0,143,155,157,7,user_exit,,1 2 3 4 9 11 12 14 17 18,157,0.07799999999997453
58,13,13,1.0,4198.291526192784,322.9455020148295,0.1089999999999236,0.1089999999999236,157,13,0,148,170,172,7,user_exit,,1 2 4 5 8 15 20,172,0.1089999999999236
59,15,15,1.0,4383.412680849601,292.2275120566401,0.0929999999998472,0.0929999999998472,146,15,0,144,161,163,7,user_exit,,8 10 12 14 15,163,0.0929999999998472
60,11,11,1.0,4014.647743901666,364.9679767183333,0.11000000000012733,0.11000000000012733,152,11,0,145,163,165,7,user_exit,,2 3 6 7 8 9 10 11 20,165,0.11000000000012733
